county,state,fips,lat,lon
New York City,New York,,40.71455,-74.00714
Westchester,New York,36119,41.11909,-73.7887
Nassau,New York,36059,42.51642,-73.61127
Suffolk,New York,36103,40.96009,-72.83434
Cook,Illinois,17031,41.81392,-87.61546
King,Washington,53033,47.43248,-121.9594
Unknown,New Jersey,,0.0,0.0
Wayne,Michigan,26163,42.28515,-83.38361
Los Angeles,California,6037,34.05361,-118.2455
Bergen,New Jersey,34003,40.94757,-74.02765
Rockland,New York,36087,41.89899,-74.83049
Orleans,Louisiana,22071,30.03255,-89.9761
Snohomish,Washington,53061,47.91266,-122.09305
Orange,New York,36071,42.30562,-77.04872
Oakland,Michigan,26125,42.74215,-83.16174
Miami-Dade,Florida,12086,25.55824,-80.52303
Essex,New Jersey,34013,40.79184,-74.25456
Fairfield,Connecticut,9001,41.16633,-73.22876
Santa Clara,California,6085,37.35579,-121.95509
Middlesex,Massachusetts,25017,42.44672,-71.28825
Middlesex,New Jersey,34023,40.57938,-74.50067
Broward,Florida,12011,26.15601,-80.48898
Monmouth,New Jersey,34025,40.33138,-73.97939
Jefferson,Louisiana,22051,29.6961,-90.13103
Suffolk,Massachusetts,25025,42.33899,-71.00618
Hudson,New Jersey,34017,40.73273,-74.06836
Union,New Jersey,34039,40.69635,-74.26957
Philadelphia,Pennsylvania,42101,39.95223,-75.16218
Passaic,New Jersey,34031,40.86034,-74.12375
Milwaukee,Wisconsin,55079,43.042,-87.90687
Ocean,New Jersey,34029,40.25386,-74.01229
Clark,Nevada,32003,35.92795,-115.25383
Macomb,Michigan,26099,42.69566,-82.92172
San Diego,California,6073,32.71568,-117.16171
Morris,New Jersey,34027,40.78048,-74.46322
Dallas,Texas,48113,32.77823,-96.79512
Maricopa,Arizona,4013,33.05931,-112.0481
Marion,Indiana,18097,40.55881,-85.66067
Davidson,Tennessee,47037,36.18684,-86.78058
Norfolk,Massachusetts,25021,42.11943,-71.33055
Montgomery,Pennsylvania,42091,41.17016,-76.87508
Unknown,Massachusetts,,0.0,0.0
District of Columbia,District of Columbia,11001,38.89037,-77.03196
Denver,Colorado,8031,39.74001,-104.99202
Cuyahoga,Ohio,39035,41.67619,-81.72996
Orange,California,6059,33.78787,-117.85071
Essex,Massachusetts,25009,42.63252,-70.78114
Fulton,Georgia,13121,33.84418,-84.40405
San Francisco,California,6075,37.77713,-122.41964
Harris,Texas,48201,29.83402,-95.38634
Alameda,California,6001,37.76707,-122.24584
Shelby,Tennessee,47157,35.20193,-89.86568
San Mateo,California,6081,37.54704,-122.31485
Dutchess,New York,36027,41.75992,-73.72712
Pierce,Washington,53053,47.066,-122.03972
Lake,Illinois,17097,42.32396,-87.68565
DuPage,Illinois,17043,41.8397,-88.09092
Mecklenburg,North Carolina,37119,35.25809,-80.83052
Salt Lake,Utah,49035,40.66803,-111.90306
Somerset,New Jersey,34035,40.49859,-74.52249
Unknown,Georgia,,0.0,0.0
St. Louis,Missouri,29189,38.62775,-90.19956
Jefferson,Alabama,1073,33.54448,-86.86078
Palm Beach,Florida,12099,26.70306,-80.03661
Albany,New York,36001,42.65156,-73.75521
Worcester,Massachusetts,25027,42.26341,-71.80219
Dougherty,Georgia,13095,31.54295,-84.22195
Montgomery,Maryland,24031,39.17043,-77.20827
Delaware,Pennsylvania,42045,41.22165,-74.87108
New Haven,Connecticut,9009,41.30801,-72.92432
Hillsborough,Florida,12057,27.87108,-82.3113
Eagle,Colorado,8037,39.65565,-106.82788
Monroe,New York,36055,41.32813,-74.18713
Hartford,Connecticut,9003,41.76376,-72.67394
Plymouth,Massachusetts,25023,41.92808,-70.6568
Travis,Texas,48453,30.32638,-97.77776
DeKalb,Georgia,13089,33.79282,-84.22016
El Paso,Colorado,8041,38.82442,-104.56304
Erie,New York,36029,42.76823,-78.77651
Allegheny,Pennsylvania,42003,40.61592,-79.65914
Contra Costa,California,6013,37.91105,-121.98581
Jefferson,Colorado,8059,39.37738,-105.80047
Hennepin,Minnesota,27053,45.01598,-93.48732
Fairfax,Virginia,51059,38.84186,-77.30905
Arapahoe,Colorado,8005,38.84964,-102.17487
Cobb,Georgia,13067,31.95878,-83.987
Orange,Florida,12095,41.33142,-74.35667
Caddo,Louisiana,22017,32.60761,-93.90108
Dane,Wisconsin,55025,43.25044,-89.49967
Sacramento,California,6067,38.57944,-121.49085
Unknown,Tennessee,,0.0,0.0
Mercer,New Jersey,34021,40.28052,-74.68114
Bucks,Pennsylvania,42017,40.32851,-75.12972
Franklin,Ohio,39049,39.54045,-84.29054
Weld,Colorado,8123,40.50105,-104.54583
Riverside,California,6065,33.98171,-117.37404
Unknown,Nevada,,0.0,0.0
Unknown,Rhode Island,,0.0,0.0
East Baton Rouge,Louisiana,22033,30.51561,-91.08893
Washington,Oregon,41067,45.54882,-123.09853
Summit,Utah,49043,37.80107,-112.93511
Unknown,Colorado,,0.0,0.0
Prince George's,Maryland,24033,38.83658,-76.84048
Putnam,New York,36079,41.33776,-73.87451
Bartow,Georgia,13015,32.8796,-82.47417
Washtenaw,Michigan,26161,42.25336,-83.83746
New Castle,Delaware,10003,39.65977,-75.56394
Ascension,Louisiana,22005,30.2048,-90.89206
Tarrant,Texas,48439,32.77132,-97.2917
Cumberland,Maine,23005,43.80048,-70.25447
Bristol,Massachusetts,25005,41.75755,-71.07968
Ulster,New York,36111,41.85885,-73.97431
St. Tammany,Louisiana,22103,30.4256,-89.96158
Collin,Texas,48085,33.19344,-96.56754
Whatcom,Washington,53073,48.82132,-121.8597
Fort Bend,Texas,48157,29.52551,-95.74609
Bexar,Texas,48029,29.43756,-98.47227
Chester,Pennsylvania,42029,39.84868,-75.35903
Wake,North Carolina,37183,35.97509,-78.50752
Onondaga,New York,36067,43.00487,-76.1836
Pulaski,Arkansas,5119,34.75207,-92.31389
Denton,Texas,48121,33.21659,-97.13153
San Joaquin,California,6077,36.60726,-120.18832
Duval,Florida,12031,30.3453,-81.68187
Blaine,Idaho,16013,43.30446,-113.87841
Baltimore,Maryland,24005,39.29058,-76.60926
Gwinnett,Georgia,13135,33.96078,-84.04506
Skagit,Washington,53057,48.47654,-121.90889
Honolulu,Hawaii,15003,21.30493,-157.85788
Pima,Arizona,4019,32.89624,-109.82747
Chittenden,Vermont,50007,43.7099,-72.93681
Durham,North Carolina,37063,35.99542,-78.89644
Camden,New Jersey,34007,39.94526,-75.11913
Saratoga,New York,36091,43.08412,-73.78441
Oklahoma,Oklahoma,40109,35.55143,-97.40751
Berkshire,Massachusetts,25003,42.51105,-73.19426
Baltimore city,Maryland,24510,39.29058,-76.60926
Williamson,Tennessee,47187,35.87467,-86.91519
St. Louis city,Missouri,29510,38.62775,-90.19956
Spokane,Washington,53063,47.65726,-117.41228
Collier,Florida,12021,26.16004,-81.34451
Monroe,Pennsylvania,42089,41.71431,-76.47345
Will,Illinois,17197,41.46524,-87.889
Douglas,Colorado,8035,39.34832,-104.92015
Rockingham,New Hampshire,33015,43.00574,-71.06787
Washoe,Nevada,32031,40.58149,-119.65465
Barnstable,Massachusetts,25001,41.70195,-70.30446
Boulder,Colorado,8013,40.01574,-105.27924
Lee,Florida,12071,30.41976,-83.29986
Pinellas,Florida,12103,27.89195,-82.71602
Marin,California,6041,38.06823,-122.66675
Kansas City,Missouri,,0.0,0.0
Island,Washington,53029,48.17965,-122.50653
Unknown,Puerto Rico,,0.0,0.0
Kershaw,South Carolina,45055,34.55164,-80.5837
Burlington,New Jersey,34005,40.07704,-74.85782
Lehigh,Pennsylvania,42077,40.75393,-75.53802
Arlington,Virginia,51013,38.89051,-77.08629
Genesee,Michigan,26049,43.11178,-83.61755
Schenectady,New York,36093,42.81239,-73.94122
Yakima,Washington,53077,46.60448,-120.50721
Unknown,Arkansas,,0.0,0.0
Larimer,Colorado,8069,40.62802,-105.4466
Ventura,California,6111,34.28083,-119.29232
Charleston,South Carolina,45019,32.78115,-79.93161
Richland,South Carolina,45079,34.00588,-80.85008
Johnson,Kansas,20091,38.89996,-94.83197
Douglas,Nebraska,31055,40.59233,-96.38776
Unknown,Illinois,,0.0,0.0
Kane,Illinois,17089,39.18887,-90.35226
Marion,Oregon,41047,44.98445,-122.80368
Gunnison,Colorado,8051,38.54526,-106.92692
Jefferson,Kentucky,21111,38.18872,-85.65507
Northampton,Pennsylvania,42095,40.68361,-75.49108
Waukesha,Wisconsin,55133,43.01458,-88.23548
Hampden,Massachusetts,25013,42.06363,-72.41645
Bernalillo,New Mexico,35001,35.30475,-106.54903
San Bernardino,California,6071,34.10524,-117.29412
Ada,Idaho,16001,43.45982,-116.22436
San Luis Obispo,California,6079,35.28579,-120.66275
Hamilton,Ohio,39061,39.40022,-84.56315
Shelby,Alabama,1117,33.11301,-86.58361
Alachua,Florida,12001,29.79309,-82.49428
Sullivan,New York,36105,43.08746,-75.87282
Carroll,Georgia,13045,33.61697,-85.11774
Greenville,South Carolina,45045,34.84827,-82.40011
Mahoning,Ohio,39099,41.01713,-80.76046
Adams,Colorado,8001,39.86963,-104.16274
Summit,Ohio,39153,41.12885,-81.53981
Howard,Maryland,24027,39.23637,-76.89347
James City,Virginia,51095,37.31067,-76.80395
DeSoto,Mississippi,28033,31.96846,-88.72048
Unknown,Guam,,0.0,0.0
Sonoma,California,6097,38.29188,-122.45728
Johnson,Iowa,19103,41.64261,-91.59984
Sussex,New Jersey,34037,41.20957,-74.60773
Clark,Washington,53011,45.80168,-122.51888
Lee,Alabama,1081,32.57819,-85.36206
Cleburne,Arkansas,5023,35.53523,-92.021
Osceola,Florida,12097,27.9951,-81.12593
Multnomah,Oregon,41051,45.58064,-122.66469
Prince William,Virginia,51153,38.72184,-77.44388
Lorain,Ohio,39093,41.4682,-82.17815
Litchfield,Connecticut,9005,41.74627,-73.18895
Cherokee,Georgia,13057,34.24296,-84.45619
Sumner,Tennessee,47165,36.44827,-86.47267
Navajo,Arizona,4017,35.28546,-110.29718
Madison,Alabama,1089,34.70658,-86.75095
Loudoun,Virginia,51107,39.08537,-77.66435
Hinds,Mississippi,28049,32.31138,-90.4249
Unknown,Kentucky,,0.0,0.0
Anne Arundel,Maryland,24003,38.9743,-76.5431
Providence,Rhode Island,44007,41.82388,-71.41199
Tulsa,Oklahoma,40143,36.15012,-95.99353
Kent,Michigan,26081,43.03128,-85.55041
Seminole,Florida,12117,27.84029,-82.79932
Hamilton,Indiana,18057,41.53406,-84.9127
Solano,California,6095,38.2856,-121.90168
Cleveland,Oklahoma,40027,36.30733,-96.46401
Davis,Utah,49011,40.96131,-112.09074
Hunterdon,New Jersey,34019,40.5636,-74.91261
Gallatin,Montana,30031,45.33394,-111.20546
St. John the Baptist,Louisiana,22095,30.0912,-90.53486
Clayton,Georgia,13063,34.879,-83.39682
Luzerne,Pennsylvania,42079,41.2867,-75.90272
Berks,Pennsylvania,42011,40.40704,-75.92936
St. Johns,Florida,12109,30.12052,-81.62536
Johnson,Indiana,18081,39.49013,-86.10128
Hillsborough,New Hampshire,33011,43.1443,-71.93272
Pinal,Arizona,4021,32.98366,-111.49208
Lucas,Ohio,39095,40.70335,-82.41879
Sarasota,Florida,12115,27.33889,-82.53887
Volusia,Florida,12127,29.02015,-81.13766
Wyandotte,Kansas,20209,39.09708,-94.75793
Kitsap,Washington,53035,47.68795,-122.60748
Sussex,Delaware,10005,38.72688,-75.39578
Tolland,Connecticut,9013,41.87454,-72.37401
Kern,California,6029,35.29451,-118.7204
Fayette,Kentucky,21067,38.02831,-84.47151
Gloucester,New Jersey,34015,39.82153,-75.04174
Brazoria,Texas,48039,29.05014,-95.56101
Anchorage,Alaska,2020,61.21753,-149.85826
Grant,Washington,53025,47.08329,-119.498398
Ramsey,Minnesota,27123,45.24832,-93.41652
Bossier,Louisiana,22015,32.62772,-93.59852
Rensselaer,New York,36083,42.64472,-73.74127
Santa Barbara,California,6083,34.41939,-119.69905
Santa Cruz,California,6087,36.97425,-122.03099
Harrison,Mississippi,28047,30.42826,-89.11237
Warren,New Jersey,34041,40.61355,-74.49727
Lake,Indiana,18089,41.4612,-87.37289
Jackson,Missouri,29095,37.38349,-89.66732
Montgomery,Texas,48339,30.38862,-95.69634
Placer,California,6061,39.01395,-120.74355
Lee,Georgia,13177,31.76919,-84.13646
Lafayette,Louisiana,22055,30.22033,-92.01705
Olmsted,Minnesota,27109,44.01472,-92.37857
St. James,Louisiana,22093,29.98269,-90.831
Henry,Georgia,13151,33.47251,-84.11959
Clarke,Georgia,13059,33.94411,-83.39791
Beaufort,South Carolina,45013,32.43119,-80.66994
Lackawanna,Pennsylvania,42069,41.40193,-75.64051
St. Bernard,Louisiana,22087,29.86568,-89.84529
Lafourche,Louisiana,22057,29.48559,-90.3268
Henrico,Virginia,51087,37.51801,-77.37785
Brazos,Texas,48041,32.47714,-97.76163
Coconino,Arizona,4005,35.63071,-112.0424
McLennan,Texas,48309,31.55366,-97.2022
Hamilton,Tennessee,47065,35.22119,-85.1533
Rutherford,Tennessee,47149,36.12756,-88.98522
Williamson,Texas,48491,30.65452,-97.6351
Fresno,California,6019,36.74084,-119.78552
McHenry,Illinois,17111,42.32622,-88.26731
Galveston,Texas,48167,29.29533,-94.80791
York,Maine,23031,43.14473,-70.64774
Virginia Beach city,Virginia,51810,36.75528,-76.05963
Linn,Oregon,41043,44.49903,-122.52379
Knox,Tennessee,47093,35.99019,-83.89723
Lake,Florida,12069,28.8111,-81.68621
Manatee,Florida,12081,27.42721,-82.36785
Washington,Wisconsin,55131,45.39456,-86.93125
El Paso,Texas,48141,31.75917,-106.48749
Utah,Utah,49049,40.1771,-111.69116
Greene,Missouri,29077,37.25806,-93.3337
Dakota,Minnesota,27037,43.91335,-91.35959
Rapides,Louisiana,22079,31.20352,-92.53104
Boone,Missouri,29019,38.94597,-92.34056
Monterey,California,6053,36.59821,-121.89648
Westmoreland,Pennsylvania,42129,40.36041,-79.38671
Union,North Carolina,37179,35.49645,-81.97836
Guilford,North Carolina,37081,36.07866,-79.79007
Faulkner,Arkansas,5045,35.10529,-92.33309
Polk,Iowa,19153,41.67262,-93.58146
Thurston,Washington,53067,46.9785,-122.89895
Sumter,Florida,12119,28.63284,-82.10522
Medina,Ohio,39103,41.14042,-81.86402
Monongalia,West Virginia,54061,39.5785,-79.96962
Benton,Arkansas,5007,34.56422,-92.58685
Unknown,Vermont,,0.0,0.0
Burleigh,North Dakota,38015,46.98063,-100.50636
Grafton,New Hampshire,33009,43.56242,-71.95161
Jefferson,Arkansas,5069,34.37911,-92.16609
Rankin,Mississippi,28121,32.32032,-89.94138
Pitkin,Colorado,8097,38.60588,-106.52364
Hall,Georgia,13139,34.30608,-83.78481
St. Charles,Louisiana,22089,29.96102,-90.40488
Tompkins,New York,36109,42.08545,-75.31591
Santa Fe,New Mexico,35049,35.69177,-105.93824
Canyon,Idaho,16027,43.58537,-116.65262
Ozaukee,Wisconsin,55089,43.36711,-87.60389
Ingham,Michigan,26065,42.54325,-84.30281
St. Charles,Missouri,29183,38.78311,-90.48173
Okaloosa,Florida,12091,30.68789,-86.59219
Smith,Texas,48423,32.41102,-95.24578
Hendricks,Indiana,18063,39.76243,-86.50685
Monroe,Michigan,26115,41.91606,-83.3979
Horry,South Carolina,45051,33.93531,-78.97371
Wasatch,Utah,49051,40.29524,-111.13429
Pasco,Florida,12101,28.32503,-82.39369
Livingston,Michigan,26093,45.07078,-84.68254
Anderson,South Carolina,45007,34.50061,-82.64962
York,Pennsylvania,42133,39.96453,-76.7243
Terrebonne,Louisiana,22109,29.40729,-90.827
Lancaster,Pennsylvania,42071,40.03833,-76.30134
Mobile,Alabama,1097,30.68649,-88.05297
Madison,Mississippi,28089,32.46322,-90.1192
Clackamas,Oregon,41005,45.41253,-122.56907
St. Joseph,Indiana,18141,41.59672,-86.27356
Butler,Ohio,39017,40.58787,-82.42376
Miami,Ohio,39109,39.20267,-84.24431
Tuscaloosa,Alabama,1125,33.21043,-87.56625
Lexington,South Carolina,45063,33.98106,-81.23595
Clay,Florida,12019,29.95638,-81.82475
Bell,Texas,48027,31.03624,-97.50843
Polk,Florida,12105,28.00236,-81.73817
Robertson,Tennessee,47147,36.50094,-86.88176
Escambia,Florida,12033,30.63945,-87.32709
Tulare,California,6107,36.2065,-119.34305
Butler,Pennsylvania,42019,40.86035,-79.89527
Allen,Indiana,18003,41.0937,-85.07025
Kenosha,Wisconsin,55059,42.58808,-87.82326
Benton,Washington,53005,46.28166,-119.57063
Kent,Delaware,10001,39.10878,-75.47933
Ouachita,Louisiana,22073,32.49078,-92.17156
Lubbock,Texas,48303,33.58451,-101.84501
Garland,Arkansas,5051,34.58133,-93.10601
York,South Carolina,45091,34.99397,-81.2421
Lake,Ohio,39085,41.91075,-81.24675
Middlesex,Connecticut,9007,41.40944,-72.52897
Douglas,Georgia,13097,31.50569,-82.84957
Walker,Alabama,1127,33.75915,-87.27651
Ottawa,Michigan,26139,41.76394,-83.74753
Montgomery,Alabama,1101,32.38015,-86.30008
Coahoma,Mississippi,28027,34.36554,-90.52304
Fond du Lac,Wisconsin,55039,43.77303,-88.44709
Hampshire,Massachusetts,25015,42.36962,-72.71424
Floyd,Georgia,13115,34.33323,-85.19413
Iberville,Louisiana,22047,30.26146,-91.31579
Windsor,Vermont,50027,43.48129,-72.38574
Unknown,Virgin Islands,,0.0,0.0
Imperial,California,6025,32.84748,-115.56952
Jackson,Michigan,26075,42.24555,-84.4005
Forsyth,North Carolina,37067,36.11725,-80.25893
Stanislaus,California,6099,37.60603,-120.88674
Sedgwick,Kansas,20173,37.9168,-97.42712
Doña Ana,New Mexico,35013,32.41823,-106.83746
Minnehaha,South Dakota,46099,43.67435,-96.79141
Franklin,Massachusetts,25011,42.08014,-71.38236
Jackson,Mississippi,28059,32.29887,-90.18045
Pearl River,Mississippi,28109,30.73635,-89.58135
Stark,Ohio,39151,40.81163,-81.36749
Forrest,Mississippi,28035,31.17202,-89.24708
Garfield,Colorado,8045,39.72857,-107.52602
Broome,New York,36007,42.48801,-74.28178
Orange,North Carolina,37135,36.05237,-79.12252
Cabarrus,North Carolina,37025,35.3461,-80.54588
Delaware,Ohio,39041,40.30115,-83.06577
Buncombe,North Carolina,37021,35.62274,-82.54074
Kankakee,Illinois,17091,41.12001,-87.86104
Calcasieu,Louisiana,22019,30.26427,-93.36881
Washington,Minnesota,27163,45.02138,-92.87357
Fairbanks North Star Borough,Alaska,2090,64.74288,-147.31662
Kanawha,West Virginia,54039,38.13739,-81.2114
Clark,Arkansas,5019,34.05531,-93.16152
Deschutes,Oregon,41017,44.00185,-121.40633
Cumberland,Pennsylvania,42041,39.88841,-79.98554
Lee,Mississippi,28081,34.29204,-88.68495
Forsyth,Georgia,13117,33.03419,-83.93894
Pike,Pennsylvania,42103,40.95512,-78.52025
Laramie,Wyoming,56021,41.31081,-105.59035
Yellowstone,Montana,30111,45.97828,-108.36024
Richmond city,Virginia,51760,37.54068,-77.43367
Frederick,Maryland,24021,39.41575,-77.41203
Coweta,Georgia,13077,33.35123,-84.77974
Beadle,South Dakota,46005,44.41438,-98.27729
Monroe,Florida,12087,25.15367,-80.98027
Indian River,Florida,12061,27.70903,-80.62319
Fayette,Georgia,13113,33.4037,-84.50002
Lowndes,Georgia,13185,30.82799,-83.24584
Niagara,New York,36063,43.09548,-79.05582
Montgomery,Ohio,39113,39.2486,-84.35271
Brevard,Florida,12009,28.30679,-80.73499
Tippah,Mississippi,28139,34.79607,-88.9208
Alexandria city,Virginia,51510,38.80461,-77.04342
San Juan,New Mexico,35045,36.5002,-108.33561
Maui,Hawaii,15009,20.80304,-156.31042
Nueces,Texas,48355,27.77697,-97.51547
Daviess,Kentucky,21059,37.74544,-87.0691
Fremont,Wyoming,56013,43.13513,-108.57058
Wilson,Tennessee,47189,36.15638,-86.3231
Decatur,Indiana,18031,40.83135,-84.92436
Van Buren,Arkansas,5141,35.43677,-94.34877
Cameron,Texas,48061,30.85325,-96.97704
Columbia,New York,36021,42.93246,-75.03641
Leflore,Mississippi,28083,33.52306,-90.27698
New London,Connecticut,9011,41.35651,-72.09626
Franklin,Indiana,18047,39.48403,-86.06419
Walton,Florida,12131,30.63187,-86.1525
St. Clair,Michigan,26147,42.83189,-82.50222
Unknown,Louisiana,,0.0,0.0
Oneida,New York,36065,43.09938,-75.65561
Unknown,Michigan,,0.0,0.0
Beaver,Pennsylvania,42007,40.69641,-80.30196
Chambers,Alabama,1017,32.91879,-85.39384
Dauphin,Pennsylvania,42043,40.36724,-76.93288
St. Clair,Illinois,17163,38.43988,-89.93312
Plaquemines,Louisiana,22075,29.41682,-89.53548
Limestone,Alabama,1083,34.77504,-87.03224
Rockdale,Georgia,13247,33.65607,-84.01208
Douglas,Kansas,20045,38.90386,-95.27836
Iredell,North Carolina,37097,35.77304,-80.92109
Addison,Vermont,50001,44.08865,-73.30039
Santa Rosa,Florida,12113,30.66676,-87.02984
Washington,Arkansas,5143,33.7747,-93.6833
Chesterfield,Virginia,51041,37.37757,-77.50818
Trumbull,Ohio,39155,41.31749,-80.76107
La Crosse,Wisconsin,55063,43.81268,-91.25206
Pike,Mississippi,28113,31.17499,-90.40417
Newton,Georgia,13217,31.3137,-84.35112
Leon,Florida,12073,41.02678,-5.76078
Putnam,Florida,12107,29.58213,-81.78912
Humboldt,California,6023,40.73354,-123.89678
Kenton,Kentucky,21117,39.05105,-84.51869
Washington,Pennsylvania,42125,40.16763,-80.24584
Martin,Minnesota,27091,43.67417,-94.55125
Linn,Iowa,19113,42.07928,-91.59984
Leavenworth,Kansas,20103,39.31927,-94.9156
St. Lucie,Florida,12111,27.48508,-80.33808
Ripley,Indiana,18137,39.11171,-85.27184
Putnam,Tennessee,47141,36.14186,-85.45717
Bennington,Vermont,50003,42.87673,-73.19819
Harrison,Kentucky,21097,38.43008,-84.32826
Clinton,New York,36019,43.04825,-75.37878
Kay,Oklahoma,40071,36.79644,-97.10739
Chelan,Washington,53007,47.83985,-120.01452
Livingston,Louisiana,22063,30.50311,-90.75288
Ketchikan Gateway Borough,Alaska,2130,55.3421,-131.64784
De Soto,Louisiana,22031,32.09487,-93.78593
Yolo,California,6113,38.73432,-121.8128
Berrien,Michigan,26021,41.95653,-86.27642
Spalding,Georgia,13255,33.26604,-84.26995
New Hanover,North Carolina,37129,34.15809,-77.89313
Richmond,Georgia,13245,31.9488,-81.31138
Martin,Florida,12085,27.11017,-80.41454
Steuben,New York,36101,43.32024,-75.28185
Ontario,New York,36069,43.22129,-77.28496
Jefferson,Washington,53031,47.74261,-123.66492
Brunswick,North Carolina,37019,34.10608,-78.24457
Harnett,North Carolina,37085,35.38765,-78.83897
Orangeburg,South Carolina,45075,33.48935,-80.86472
Stafford,Virginia,51179,38.42366,-77.40815
Citrus,Florida,12017,28.85913,-82.43642
Webb,Texas,48479,27.73198,-99.28664
Unknown,Missouri,,0.0,0.0
Elmore,Alabama,1051,32.54165,-86.31094
Charles,Maryland,24017,38.43927,-77.07013
Saginaw,Michigan,26145,43.4194,-83.94652
Atlantic,New Jersey,34001,39.50927,-74.68195
Kootenai,Idaho,16055,48.3091,-116.51439
Jefferson,Missouri,29099,38.25275,-90.56933
Troup,Georgia,13285,33.04659,-85.0417
Clark,Indiana,18019,38.43695,-85.80161
Sumter,South Carolina,45085,33.92439,-80.34319
Oktibbeha,Mississippi,28105,33.42565,-88.87975
Mitchell,Georgia,13205,33.21977,-82.70287
Polk,Georgia,13233,33.99973,-85.18215
Kalamazoo,Michigan,26077,42.29158,-85.58839
Lafayette,Mississippi,28071,34.35827,-89.48382
Broomfield,Colorado,8014,39.92086,-105.07058
Mower,Minnesota,27099,43.67424,-92.74943
Warren,Ohio,39165,41.23621,-80.81239
Sandoval,New Mexico,35043,35.7087,-106.77924
Creek,Oklahoma,40037,35.90118,-96.32459
Columbia,Georgia,13073,33.52768,-82.22137
Pawnee,Oklahoma,40117,36.3379,-96.80631
Centre,Pennsylvania,42027,40.64875,-80.30009
Washington,Mississippi,28151,33.26888,-90.88089
Lauderdale,Alabama,1077,34.86992,-87.58457
Schuylkill,Pennsylvania,42107,40.10844,-75.51197
Chatham,North Carolina,37037,35.69581,-79.25586
Morgan,Alabama,1103,34.49531,-86.83394
Harford,Maryland,24025,39.4878,-76.23423
Johnston,North Carolina,37101,35.53624,-78.38849
Gordon,Georgia,13129,32.88346,-83.34324
Houston,Georgia,13153,32.48751,-83.64494
San Benito,California,6069,36.59282,-121.02977
Matagorda,Texas,48321,28.69124,-95.96755
Hancock,Indiana,18059,39.8215,-85.77499
Hays,Texas,48209,30.11816,-97.8722
El Dorado,California,6017,38.68218,-120.84683
Washington,Tennessee,47179,36.27127,-82.488
Routt,Colorado,8107,40.4611,-107.04355
Summit,Colorado,8117,39.64118,-106.00323
Madison,New York,36053,42.90094,-75.50622
Charlottesville city,Virginia,51540,38.03213,-78.47756
Hernando,Florida,12053,28.90043,-82.37468
Spartanburg,South Carolina,45083,34.94839,-81.93494
Chatham,Georgia,13051,31.9739,-81.07414
Washington,Rhode Island,44009,41.35678,-71.62491
York,Virginia,51199,37.23599,-76.32008
Apache,Arizona,4001,33.42314,-111.54612
Wilkinson,Mississippi,28157,31.18503,-91.3244
Lowndes,Mississippi,28087,33.51631,-88.43054
Copiah,Mississippi,28029,31.86779,-90.42658
Cole,Missouri,29051,38.46028,-93.20435
Carver,Minnesota,27019,44.76326,-93.62524
Cass,Missouri,29037,38.64634,-94.36393
Teton,Wyoming,56039,43.95084,-110.55023
Johnson,Missouri,29101,38.74696,-93.81321
West Baton Rouge,Louisiana,22121,30.48983,-91.33767
Flagler,Florida,12035,29.46593,-81.30956
Greene,Tennessee,47059,36.17041,-82.90747
Tipton,Tennessee,47167,35.50643,-89.75992
Comal,Texas,48091,29.81626,-98.2894
Guadalupe,Texas,48187,29.61178,-97.96468
Nevada,California,6057,39.26605,-121.00973
Webster,Louisiana,22119,32.71429,-93.31575
Wichita,Texas,48485,34.01918,-98.68817
Anoka,Minnesota,27003,45.19833,-93.38997
Weber,Utah,49057,41.25528,-111.89446
Albemarle,Virginia,51003,38.00039,-78.56166
Newport News city,Virginia,51700,37.08358,-76.48065
Oxford,Maine,23017,44.13246,-70.49515
Kittitas,Washington,53037,46.98473,-120.41752
Racine,Wisconsin,55101,42.72565,-87.78955
Rock,Wisconsin,55105,42.6281,-89.09022
Bibb,Georgia,13021,32.80625,-83.68533
Darlington,South Carolina,45031,34.30246,-79.87163
Berkeley,South Carolina,45015,33.16301,-79.91078
Champaign,Illinois,17019,40.1142,-88.2435
Washington,Iowa,19183,41.29645,-91.69152
Belknap,New Hampshire,33001,43.52286,-71.43472
Wayne,New York,36117,42.46688,-77.15827
Winnebago,Illinois,17201,42.26568,-89.24139
Pitt,North Carolina,37147,35.58047,-77.36809
Morton,North Dakota,38059,46.63356,-101.18967
Cass,North Dakota,38017,46.93465,-97.23654
Portage,Ohio,39133,41.32723,-83.65039
Fayette,Pennsylvania,42051,40.64219,-77.26947
Laurens,Georgia,13175,32.43154,-82.92289
Newport,Rhode Island,44005,41.49257,-71.31089
Attala,Mississippi,28007,33.08279,-89.5722
Clinton,Michigan,26037,42.07273,-83.97033
Calhoun,Michigan,26025,42.24624,-85.00688
Otsego,Michigan,26137,42.46052,-85.69685
Avoyelles,Louisiana,22009,31.09568,-91.96935
Tangipahoa,Louisiana,22105,30.87487,-90.51185
Warren,Kentucky,21227,36.98343,-86.40578
Oconee,Georgia,13219,32.85705,-82.95187
Calvert,Maryland,24009,38.53717,-76.54721
Wyoming,New York,36121,42.82775,-78.08757
Teller,Colorado,8119,38.88885,-105.17868
Sangamon,Illinois,17167,39.74942,-89.70524
Gaston,North Carolina,37071,36.50061,-77.64501
McLean,Illinois,17113,40.31157,-89.17194
Kendall,Illinois,17093,41.59097,-88.42893
Wilson,North Carolina,37195,35.72197,-77.91638
Crittenden,Arkansas,5035,35.13722,-90.23429
Windham,Vermont,50025,43.19455,-72.7208
Geauga,Ohio,39055,41.53107,-81.1969
Washington,Vermont,50023,44.10733,-72.4332
Chickasaw,Mississippi,28017,33.90698,-88.92892
Tift,Georgia,13277,31.46208,-83.51792
Madera,California,6039,36.96206,-120.06399
Lane,Oregon,41039,43.8638,-122.74928
Sumter,Georgia,13261,32.05091,-84.2059
Jefferson,Texas,48245,32.76221,-94.35496
Yamhill,Oregon,41071,45.34037,-123.18787
Adams,Pennsylvania,42001,40.70527,-80.0051
Paulding,Georgia,13223,33.9287,-84.88673
Carroll,Maryland,24013,39.53465,-77.01306
Hidalgo,Texas,48215,26.09898,-98.26909
Early,Georgia,13099,31.29562,-84.86523
Kent,Rhode Island,44003,41.68254,-71.56515
Lancaster,South Carolina,45057,34.72096,-80.77113
Napa,California,6055,38.29911,-122.28541
Cheatham,Tennessee,47021,36.24869,-87.08413
Dickson,Tennessee,47043,36.07662,-87.38762
Cowlitz,Washington,53015,46.11929,-122.61465
Cumberland,North Carolina,37051,35.05078,-78.87169
Boone,Indiana,18011,40.05159,-86.46858
Strafford,New Hampshire,33017,43.27418,-71.13189
Jessamine,Kentucky,21113,37.86617,-84.57191
Holmes,Mississippi,28051,33.12745,-90.0732
Sheboygan,Wisconsin,55117,43.74978,-87.71343
Sauk,Wisconsin,55111,43.39371,-89.89634
Marshall,Mississippi,28093,34.74521,-89.51114
Marion,Alabama,1093,32.63467,-87.31914
Klickitat,Washington,53039,45.81757,-121.15175
Missoula,Montana,30063,46.87279,-113.99625
Sarpy,Nebraska,31153,41.09262,-96.10063
Scott,Iowa,19163,41.613,-90.62033
Delaware,Indiana,18035,40.22793,-85.39653
Merrimack,New Hampshire,33013,42.87345,-71.48924
Carroll,New Hampshire,33003,44.29788,-71.54185
Herkimer,New York,36043,43.02591,-74.98433
Delaware,New York,36025,41.75091,-74.95199
Elkhart,Indiana,18039,41.68677,-85.97567
Floyd,Indiana,18043,38.2995,-85.8933
Morgan,Indiana,18109,39.486,-86.46941
Franklin,Washington,53021,46.57241,-118.85968
Maury,Tennessee,47119,35.6295,-87.08097
Chemung,New York,36015,42.00833,-76.62355
Tippecanoe,Indiana,18157,41.20864,-86.11492
Allamakee,Iowa,19005,43.29046,-91.34462
Dallas,Iowa,19049,41.68317,-94.04742
Eau Claire,Wisconsin,55035,44.81658,-91.50077
Norfolk city,Virginia,51710,36.84686,-76.28514
Winnebago,Wisconsin,55139,44.06857,-88.64503
Ellis,Texas,48139,32.30063,-96.763
Natrona,Wyoming,56025,43.02971,-106.80946
Castro,Texas,48069,34.53053,-102.26179
Washington,Utah,49053,37.13027,-113.5091
Bolivar,Mississippi,28011,33.82484,-90.85591
Montgomery,Tennessee,47125,36.47744,-87.36984
Loudon,Tennessee,47105,35.74172,-84.33628
Scott,Minnesota,27139,44.67791,-93.50334
Hancock,Mississippi,28045,30.40313,-89.51129
Lincoln,Mississippi,28085,31.53339,-90.43889
Le Sueur,Minnesota,27079,44.46233,-93.91472
Tate,Mississippi,28137,34.66335,-89.94432
Cape Girardeau,Missouri,29031,37.30271,-89.54453
Blue Earth,Minnesota,27013,43.64156,-94.09094
Cape May,New Jersey,34009,38.93547,-74.92137
Midland,Michigan,26111,43.61708,-84.24506
Rowan,North Carolina,37159,35.6827,-80.54984
Clermont,Ohio,39025,39.0206,-84.16957
Fairfield,Ohio,39045,39.33429,-84.55925
Wood,Ohio,39173,41.39265,-83.64974
Wagoner,Oklahoma,40145,35.95978,-95.37723
Benton,Oregon,41003,44.49888,-123.40446
Polk,Oregon,41053,44.89799,-123.42837
Wayne,Pennsylvania,42127,40.0455,-75.39125
Pickens,South Carolina,45077,34.88371,-82.70751
Cumberland,Tennessee,47035,36.59138,-83.66149
Canadian,Oklahoma,40017,35.17757,-95.65587
Autauga,Alabama,1001,32.50771,-86.65101
Whitfield,Georgia,13313,34.80176,-84.98805
Muscogee,Georgia,13215,32.49082,-84.86343
St. Clair,Alabama,1115,33.69021,-86.36481
White,Arkansas,5145,35.27743,-91.76249
Mono,California,6051,38.0882,-119.02872
Mesa,Colorado,8077,39.16617,-108.13889
Dubuque,Iowa,19061,42.49913,-90.66327
Monroe,Indiana,18105,40.74503,-84.93702
Cullman,Alabama,1043,34.17438,-86.84345
Washington,Louisiana,22117,30.61657,-92.05725
Howard,Indiana,18067,40.46959,-86.11917
Glynn,Georgia,13127,31.23074,-81.52361
Bartholomew,Indiana,18005,39.19299,-85.88422
Kennebec,Maine,23011,44.41409,-69.78977
Muscatine,Iowa,19139,41.42208,-91.04316
Madison,Illinois,17119,38.67978,-90.15819
Worth,Georgia,13321,31.58393,-83.83321
Peoria,Illinois,17143,40.69236,-89.58799
Baldwin,Alabama,1003,30.7698,-87.78273
Christian,Kentucky,21047,36.89821,-87.47988
Rutland,Vermont,50021,43.6051,-72.97828
Lamoille,Vermont,50015,44.59993,-72.63395
Lincoln,Arkansas,5079,35.94936,-94.42292
Unknown,Utah,,0.0,0.0
Tunica,Mississippi,28143,34.69019,-90.38269
Clark,Kentucky,21049,37.96849,-84.15579
Clay,Missouri,29047,39.28286,-94.4063
Kauai,Hawaii,15007,22.05049,-159.55783
Butte,California,6007,39.72353,-121.57942
Platte,Missouri,29165,39.23208,-94.65653
Hockley,Texas,48219,30.02661,-95.84596
Lawrence,Mississippi,28077,32.3252,-89.23302
Henderson,Kentucky,21101,37.8299,-87.59703
Cascade,Montana,30013,47.27151,-111.70068
Madison,Kentucky,21151,37.71636,-84.29094
Wright,Minnesota,27171,46.67052,-93.00113
Steele,Minnesota,27147,44.0224,-93.22604
Stearns,Minnesota,27145,45.52884,-94.64093
St. Louis,Minnesota,27137,47.64071,-92.42872
Louisa,Virginia,51109,38.02569,-78.00395
Pulaski,Kentucky,21199,37.11135,-84.5966
Unknown,Hawaii,,0.0,0.0
Dodge,Minnesota,27039,44.02265,-92.86196
Yavapai,Arizona,4025,34.70691,-112.44274
Williamsburg city,Virginia,51830,37.27564,-76.71008
Clallam,Washington,53009,48.18035,-123.83358
Douglas,Washington,53017,47.68572,-119.74903
Hawaii,Hawaii,15001,19.59009,-155.44863
Lewis and Clark,Montana,30049,47.18445,-112.53445
Chaffee,Colorado,8015,38.74002,-106.18284
Porter,Indiana,18127,41.61648,-87.09262
Peach,Georgia,13225,32.56618,-83.8326
Franklin,Pennsylvania,42055,41.3979,-79.83118
Carteret,North Carolina,37031,34.89037,-76.47565
Terrell,Georgia,13273,31.79372,-84.43185
Washington,Oklahoma,40147,35.06033,-97.48449
Payne,Oklahoma,40119,36.0936,-96.98824
Bristol,Rhode Island,44001,41.66994,-71.27638
Clinton,Illinois,17027,40.14879,-88.96397
Stark,North Dakota,38089,46.82004,-102.66397
Montgomery,New York,36057,41.52724,-74.23723
Clarendon,South Carolina,45027,33.6887,-80.24626
Greene,New York,36039,42.33178,-75.774
Florence,South Carolina,45041,34.19367,-79.76819
Barrow,Georgia,13013,34.01122,-83.70999
Franklin,North Carolina,37069,35.18112,-83.3839
Nassau,Florida,12089,30.55183,-81.87325
Marion,Florida,12083,29.24077,-82.02269
Bradley,Tennessee,47011,35.17267,-84.85249
Highlands,Florida,12055,27.33942,-81.30493
Black Hawk,Iowa,19013,42.46967,-92.31784
DeSoto,Florida,12027,27.18615,-81.81003
Allen,Louisiana,22003,30.66124,-92.78829
Baker,Florida,12003,30.79729,-86.68238
Washington,Nebraska,31177,41.39801,-96.21349
Pueblo,Colorado,8101,38.26375,-104.61252
Columbiana,Ohio,39029,40.88955,-80.69357
La Plata,Colorado,8067,37.31998,-107.84669
Silver Bow,Montana,30093,45.90522,-112.69051
Kenai Peninsula Borough,Alaska,2122,60.55309,-151.25973
Flathead,Montana,30029,48.29871,-114.09197
Licking,Ohio,39089,40.0951,-82.47739
Walworth,Wisconsin,55127,42.53115,-88.59793
Jackson,West Virginia,54035,38.82493,-81.69553
Jefferson,Wisconsin,55055,43.00488,-88.80728
Lincoln,Maine,23015,45.36652,-68.50456
St. Mary,Louisiana,22101,29.63118,-91.39788
St. Landry,Louisiana,22097,30.84487,-92.25464
Penobscot,Maine,23019,44.47507,-68.69635
Lewis,Washington,53041,46.5891,-122.38418
Columbia,Wisconsin,55021,43.62763,-89.77146
Wicomico,Maryland,24045,38.38842,-75.58214
Hillsdale,Michigan,26059,41.92291,-84.63184
Unknown,Maine,,0.0,0.0
Lenawee,Michigan,26091,41.89452,-84.06575
Assumption,Louisiana,22007,29.85366,-91.05451
Androscoggin,Maine,23001,44.19706,-70.20268
Franklin,Missouri,29071,39.00753,-92.78956
Outagamie,Wisconsin,55087,44.41641,-88.46364
Linn,Kansas,20107,39.67615,-97.08748
Jefferson,West Virginia,54037,39.31598,-77.86071
Cherokee,North Carolina,37039,35.47777,-83.32044
Cache,Utah,49005,41.68421,-111.73193
Montgomery,Mississippi,28097,33.48182,-89.64588
Montour,Pennsylvania,42093,40.97596,-76.5092
Stone,Arkansas,5137,35.91908,-92.22032
Washington,New York,36115,41.79225,-73.66042
Yazoo,Mississippi,28163,32.76263,-90.36047
St. Croix,Wisconsin,55109,45.03411,-92.45353
Alamance,North Carolina,37001,36.0371,-79.48611
Searcy,Arkansas,5129,35.25082,-91.74023
Harrison,West Virginia,54033,39.28521,-80.3964
Walthall,Mississippi,28147,33.60692,-89.28032
Iberia,Louisiana,22045,29.79445,-91.87607
Reno,Kansas,20155,37.95319,-98.08709
Lonoke,Arkansas,5085,34.78392,-91.901
Jennings,Indiana,18079,39.00146,-85.6208
Saline,Arkansas,5125,34.63613,-92.68775
Sunflower,Mississippi,28133,33.54243,-90.5374
Panola,Mississippi,28107,34.35714,-89.95935
Tooele,Utah,49045,40.53409,-112.29849
Scott,Mississippi,28123,33.59308,-91.07382
Shawnee,Kansas,20177,39.02293,-94.71543
Catawba,North Carolina,37035,35.71065,-81.0766
Oswego,New York,36075,43.45646,-76.51119
Colquitt,Georgia,13071,31.17217,-84.73338
Jackson,Alabama,1071,31.50834,-87.89501
Vanderburgh,Indiana,18163,37.99718,-87.57426
Jefferson,Tennessee,47089,36.04393,-83.46597
Charlotte,Florida,12015,26.90203,-81.95568
Brown,Wisconsin,55009,44.46016,-87.97772
Carson City,Nevada,32510,39.16506,-119.76697
Eaton,Michigan,26045,42.55281,-84.79703
Cumberland,New Jersey,34011,39.31195,-75.13437
Tama,Iowa,19171,41.96206,-92.57683
Cedar,Iowa,19031,41.21363,-92.52525
Sullivan,Tennessee,47163,36.50405,-82.31201
Charlevoix,Michigan,26029,45.31653,-85.26072
Montrose,Colorado,8085,38.47863,-107.8776
Bay,Michigan,26017,45.29503,-85.08159
Chaves,New Mexico,35005,33.30366,-104.3351
Blount,Tennessee,47009,35.67384,-83.9083
Douglas,Wisconsin,55031,43.70902,-89.54355
Midland,Texas,48329,32.00003,-102.07446
Etowah,Alabama,1055,34.02113,-86.04334
Owen,Indiana,18119,39.31935,-86.86979
Essex,New York,36031,44.26999,-73.40065
Fairfield,South Carolina,45039,34.37353,-81.07782
Dorchester,South Carolina,45035,33.13899,-80.39572
Genesee,New York,36037,42.07777,-78.20687
Merced,California,6047,37.30152,-120.4869
Pulaski,Missouri,29169,37.81154,-92.21733
Perry,Missouri,29157,39.43109,-91.67439
Aiken,South Carolina,45003,33.56165,-81.72214
Abbeville,South Carolina,45001,34.17896,-82.38026
Berkeley,West Virginia,54003,39.62815,-78.22685
Madison,Indiana,18095,38.73633,-85.38055
Crisp,Georgia,13081,31.91709,-83.76633
Franklin,Vermont,50011,44.98171,-72.91593
Lebanon,Pennsylvania,42075,40.33049,-76.42588
Erie,Pennsylvania,42049,42.12983,-80.0855
Bradley,Arkansas,5011,33.0978,-93.6554
Choctaw,Mississippi,28019,33.32099,-89.2711
Fauquier,Virginia,51061,38.7114,-77.81548
Josephine,Oregon,41033,42.38956,-123.63408
Frederick,Virginia,51069,39.23602,-78.2253
Jackson,Oregon,41029,42.49965,-122.75619
Winona,Minnesota,27169,44.05163,-91.63841
Muskogee,Oklahoma,40101,35.74848,-95.36905
Wabasha,Minnesota,27157,44.38101,-92.03462
Ward,North Dakota,38101,48.32737,-101.46816
Cleveland,Arkansas,5025,35.421,-92.70955
Mecklenburg,Virginia,51117,36.71604,-78.33331
Cecil,Maryland,24015,39.5418,-75.92751
East Feliciana,Louisiana,22037,30.82288,-91.0374
Yuma,Arizona,4027,32.68549,-114.62461
Rockingham,Virginia,51165,38.52835,-78.9404
Sagadahoc,Maine,23023,43.93432,-69.79305
Coshocton,Ohio,39031,40.27229,-81.86665
Talladega,Alabama,1121,33.43451,-86.10269
Tallapoosa,Alabama,1123,32.79993,-85.79785
Clay,Minnesota,27027,46.89005,-96.47424
Sheridan,Wyoming,56033,44.79793,-106.95587
Richland,Ohio,39139,40.77279,-82.55246
Marion,Ohio,39101,40.58383,-83.12852
Nez Perce,Idaho,16069,46.24292,-116.82133
Craighead,Arkansas,5031,35.84811,-90.66025
Poweshiek,Iowa,19157,41.68573,-92.53322
Henderson,North Carolina,37089,36.33007,-78.39848
Chilton,Alabama,1021,32.86599,-86.66521
Pickens,Georgia,13227,34.46855,-84.48663
Onslow,North Carolina,37133,34.71237,-77.39161
Lumpkin,Georgia,13187,32.05106,-84.79494
Chesapeake city,Virginia,51550,36.71429,-76.24779
Lamar,Mississippi,28073,34.91618,-89.31828
Rock Island,Illinois,17161,41.51197,-90.57607
St. Mary's,Maryland,24037,38.20135,-76.55864
Leake,Mississippi,28079,32.75419,-89.52423
Vigo,Indiana,18167,39.43363,-87.38544
Union,Ohio,39159,39.9014,-84.30596
Caldwell,North Carolina,37027,35.9398,-81.55964
Anderson,Tennessee,47001,36.10602,-84.22817
Greene,Pennsylvania,42059,39.97112,-77.58573
McKinley,New Mexico,35031,35.48088,-108.17682
Franklin,Alabama,1059,32.46107,-85.80335
Washington,Indiana,18175,38.65767,-87.17018
Dodge,Wisconsin,55027,44.13339,-91.5525
Lincoln,Georgia,13181,33.81071,-82.45002
Taos,New Mexico,35055,36.41203,-105.57412
Bryan,Georgia,13029,31.97699,-81.43969
Burke,Georgia,13033,33.05039,-81.92464
Butts,Georgia,13035,33.31258,-83.94775
Jasper,South Carolina,45053,32.39209,-81.00994
Warrick,Indiana,18173,38.06214,-87.28473
Pierce,Wisconsin,55093,44.55427,-87.49075
Carroll,Tennessee,47017,35.97061,-88.45555
Madison,Georgia,13195,33.59602,-83.4676
Huron,Ohio,39077,41.39103,-82.55826
Harrison,Iowa,19085,41.686,-95.83982
Hancock,Iowa,19081,41.39,-95.36139
Columbia,Florida,12023,3.32148,-76.235
Greene,Ohio,39057,39.70062,-83.88037
Madison,Ohio,39097,41.7712,-81.05008
Davidson,North Carolina,37057,35.49786,-80.84924
Erie,Ohio,39043,41.49155,-82.52378
Chenango,New York,36017,42.16891,-75.87341
Franklin,Tennessee,47051,35.92448,-86.87047
Fayette,Tennessee,47047,35.1992,-89.41406
Dyer,Tennessee,47045,36.06553,-88.9931
Garrett,Maryland,24023,39.46231,-79.29479
Tuscarawas,Ohio,39157,40.39758,-81.40727
Morehouse,Louisiana,22067,32.7568,-91.82955
Columbia,Pennsylvania,42037,40.0336,-76.5045
Meriwether,Georgia,13199,33.03786,-84.70003
Comanche,Oklahoma,40031,34.36895,-97.96482
Georgetown,South Carolina,45043,33.36831,-79.28075
Carroll,Ohio,39019,39.79942,-82.70223
Carbon,Wyoming,56007,41.71692,-106.79146
Douglas,Oregon,41019,43.32202,-122.88917
Otsego,New York,36077,42.71825,-74.98301
Jasper,Indiana,18073,38.39145,-86.93222
Bertie,North Carolina,37015,36.0294,-76.97132
Randolph,North Carolina,37151,35.71326,-79.80293
Montgomery,North Carolina,37123,35.32427,-79.89844
Lamar,Georgia,13171,33.06717,-84.14536
Effingham,Georgia,13103,32.34875,-81.32261
Grant,Indiana,18053,40.77838,-78.9497
Dukes and Nantucket,Massachusetts,,0.0,0.0
Gibson,Indiana,18051,38.34938,-87.56817
Fayette,Indiana,18041,39.657,-85.16774
Irwin,Georgia,13155,31.62079,-83.26809
Northampton,North Carolina,37131,36.35616,-77.3689
Dearborn,Indiana,18029,39.12133,-84.9602
Mercer,Pennsylvania,42085,41.22672,-80.23995
Osage,Oklahoma,40113,36.29622,-96.41331
Dawson,Georgia,13085,31.77358,-84.44644
Watauga,North Carolina,37189,36.25121,-81.70467
Woodford,Illinois,17203,40.76106,-89.24252
LaSalle,Illinois,17099,41.32991,-89.09426
Monroe,Georgia,13207,33.79584,-83.71342
Monroe,Illinois,17133,42.10089,-88.99784
Belmont,Ohio,39013,40.02956,-81.03891
Ashtabula,Ohio,39007,41.88927,-80.78674
Iowa,Wisconsin,55049,43.01135,-90.1334
Custer,Oklahoma,40039,35.6385,-99.00458
Chesterfield,South Carolina,45025,34.73445,-80.08846
DeKalb,Illinois,17037,41.92949,-88.7499
Jefferson,New York,36045,42.48066,-74.61211
Blount,Alabama,1009,34.01276,-86.53375
Livingston,New York,36051,42.1398,-73.7828
Ramsey,North Dakota,38071,48.2296,-98.74625
Craven,North Carolina,37049,35.11095,-77.09318
Bay,Florida,12005,30.2457,-85.66489
Lenoir,North Carolina,37107,35.91576,-81.54046
Logan,Oklahoma,40083,35.94455,-97.43989
Juneau City and Borough,Alaska,2110,58.29973,-134.40679
Winston,Mississippi,28159,33.10277,-89.06577
Newton,Missouri,29145,36.90232,-94.34099
Lyon,Kansas,20111,38.4551,-96.15226
Terry,Texas,48445,33.17369,-102.33497
Fluvanna,Virginia,51065,37.84873,-78.27253
Gloucester,Virginia,51073,37.41396,-76.52631
Goochland,Virginia,51075,37.68327,-77.88529
Adams,Mississippi,28001,31.47064,-91.33697
Calaveras,California,6009,38.17138,-120.65732
San Juan,Washington,53055,48.55785,-122.98438
Kendall,Texas,48259,29.92758,-98.67289
Isabella,Michigan,26073,43.68738,-84.76773
Muskegon,Michigan,26121,43.23425,-86.24482
Johnson,Texas,48251,32.34493,-97.35129
Harrisonburg city,Virginia,51660,38.45164,-78.8697
Marshall,West Virginia,54051,39.8772,-80.65532
Itawamba,Mississippi,28057,34.27612,-88.36199
Shasta,California,6089,40.59829,-122.49095
Siskiyou,California,6093,41.50078,-122.5443
Butler,Kansas,20015,37.78158,-96.83958
Gregg,Texas,48183,32.51377,-94.84409
Montcalm,Michigan,26117,43.28646,-85.25527
Calhoun,Mississippi,28013,33.94187,-89.32279
Mitchell,Kansas,20123,39.3933,-98.20961
Victoria,Texas,48469,28.80594,-97.00357
Walker,Texas,48471,30.78119,-95.59308
Greene,Arkansas,5055,36.11639,-90.52694
Lauderdale,Mississippi,28075,32.52085,-88.512
Grant,Arkansas,5053,34.27769,-92.44206
Walla Walla,Washington,53071,46.07069,-118.34261
Lawrence,Alabama,1079,34.55201,-87.31814
Independence,Arkansas,5063,35.73463,-91.58218
Whitman,Washington,53075,46.83873,-117.52128
Orleans,Vermont,50019,44.81039,-72.20363
Orange,Vermont,50017,44.14854,-72.40233
Monroe,Mississippi,28095,33.86991,-88.47615
Marshall,Alabama,1095,34.34962,-86.34547
Poinsett,Arkansas,5111,35.57337,-90.66286
Pontotoc,Mississippi,28115,34.24312,-88.99694
Pope,Arkansas,5115,35.42315,-93.07429
Lapeer,Michigan,26087,43.0526,-83.31536
Yalobusha,Mississippi,28161,34.02993,-89.7171
Sebastian,Arkansas,5131,35.19089,-94.23434
Franklin,Mississippi,28037,31.46462,-90.89424
Wharton,Texas,48481,29.32066,-96.09904
Yuba,California,6115,39.27886,-121.43825
Crawford,Kansas,20037,37.50655,-94.85259
Grand Traverse,Michigan,26055,44.81624,-85.47529
Lancaster,Nebraska,31109,40.78457,-96.6872
Shenandoah,Virginia,51171,38.48592,-78.62133
Spotsylvania,Virginia,51177,38.20181,-77.58847
Fillmore,Minnesota,27045,43.67436,-92.09004
Beauregard,Louisiana,22011,30.64285,-93.33023
Lincoln,Louisiana,22061,32.60638,-92.64134
Adams,Washington,53001,46.99769,-118.47083
Morgan,Colorado,8087,40.26262,-103.81112
Lincoln,Nebraska,31111,40.81362,-96.7073
Houston,Alabama,1069,34.14259,-87.25812
Sevier,Tennessee,47155,35.80227,-83.51334
Douglas,Nevada,32005,38.82434,-119.58386
Windham,Connecticut,9015,41.69994,-72.15507
Monroe,Tennessee,47123,36.43987,-85.25195
McMinn,Tennessee,47107,35.44297,-84.61835
Pottawattamie,Iowa,19155,41.33298,-95.55073
Acadia,Louisiana,22001,30.26516,-92.40197
Brown,Texas,48049,31.76396,-98.95721
Franklin,Kentucky,21073,36.72261,-86.57793
Portsmouth city,Virginia,51740,36.83274,-76.29771
Clear Creek,Colorado,8019,39.70835,-105.66
Elbert,Colorado,8039,39.21618,-104.53661
Manassas city,Virginia,51683,38.75126,-77.47086
Nicollet,Minnesota,27103,44.276,-94.18819
Lee,Virginia,51105,36.74287,-82.98148
Bedford,Virginia,51019,37.33428,-79.5229
Desha,Arkansas,5041,35.73024,-91.68104
Bannock,Idaho,16005,42.63941,-112.16307
Umatilla,Oregon,41059,45.91769,-119.34203
Mayes,Oklahoma,40097,36.2925,-95.2206
Pickaway,Ohio,39129,39.64014,-83.04605
Drew,Arkansas,5043,33.59066,-91.71447
Graham,Arizona,4009,33.03874,-109.95898
Washington,Alabama,1129,31.40602,-88.18781
Calhoun,Alabama,1015,33.76225,-85.84206
Okmulgee,Oklahoma,40111,35.62326,-95.97629
McClain,Oklahoma,40087,35.09556,-97.53554
Isle of Wight,Virginia,51093,36.89949,-76.68587
Ware,Georgia,13299,31.01892,-82.36566
Cochise,Arizona,4003,32.1039,-109.91313
Pike,Alabama,1109,31.83917,-85.92793
Matanuska-Susitna Borough,Alaska,2170,61.60541,-149.12722
Jefferson,Idaho,16051,43.84078,-112.33621
Logan,Ohio,39091,39.54053,-82.40684
Grady,Oklahoma,40051,35.02962,-97.88175
Accomack,Virginia,51001,37.73798,-75.81897
Bradford,Pennsylvania,42015,41.95586,-78.65048
Randolph,Georgia,13243,31.77514,-84.78077
Conway,Arkansas,5029,35.09099,-92.43969
Seminole,Georgia,13253,30.89349,-84.85085
Prince Edward,Virginia,51147,37.23809,-78.4589
Noble,Oklahoma,40103,35.14001,-97.396
Hanover,Virginia,51085,37.76881,-77.37109
Wayne,Ohio,39169,41.3009,-83.47143
Twiggs,Georgia,13289,32.67519,-83.44264
Bullock,Alabama,1011,32.09272,-85.71293
Prince George,Virginia,51149,37.22087,-77.28674
Pottawatomie,Oklahoma,40125,35.18138,-96.95944
Turner,Georgia,13287,31.70975,-83.62508
Wood,Wisconsin,55141,44.39319,-89.81637
Clatsop,Oregon,41007,46.03359,-123.6437
Santa Cruz,Arizona,4023,31.53216,-110.81202
Stephens,Georgia,13257,33.80658,-83.16442
Garvin,Oklahoma,40049,33.9548,-94.94309
Tattnall,Georgia,13267,32.05079,-82.04878
Mohave,Arizona,4015,35.60533,-113.99431
Danville city,Virginia,51590,36.58598,-79.41721
Culpeper,Virginia,51047,38.47333,-77.99614
Washington,Georgia,13303,33.73572,-82.73961
Madison,Virginia,51113,38.38201,-78.256
Mason,Washington,53045,47.3448,-123.15682
La Paz,Arizona,4012,33.67213,-113.93301
Adair,Oklahoma,40001,36.43672,-95.27198
Warren,Virginia,51187,38.89689,-78.19731
Marion,Tennessee,47115,35.15125,-85.62844
Miller,Georgia,13201,31.1637,-84.73013
Putnam,West Virginia,54079,38.47536,-81.89036
Grand,Colorado,8049,40.08514,-106.13584
Chambers,Texas,48071,29.69335,-94.63819
McCook,South Dakota,46087,43.67437,-97.36795
DeWitt,Texas,48123,37.25611,-91.68663
Lincoln,South Dakota,46083,43.29191,-96.75189
Davison,South Dakota,46035,43.67467,-98.14602
Brown,South Dakota,46013,45.58949,-98.3509
Deaf Smith,Texas,48117,34.96653,-102.60506
Baldwin,Georgia,13009,34.49519,-83.53364
Eastland,Texas,48133,32.40139,-98.81812
Oconee,South Carolina,45073,34.76413,-83.1064
Lee,South Carolina,45061,34.15999,-80.31825
Grayson,Texas,48181,33.67873,-96.66209
Madison,Idaho,16065,43.77612,-111.69162
Mercer,West Virginia,54055,37.4163,-81.07676
Calhoun,Texas,48057,28.39557,-96.61368
Logan,Colorado,8075,40.71893,-103.11247
Carbon,Pennsylvania,42025,40.21352,-78.17711
Bastrop,Texas,48021,30.11054,-97.31938
Wood,West Virginia,54107,39.21806,-81.50448
Lewis,Tennessee,47101,35.52911,-87.4865
Tucker,West Virginia,54093,39.11782,-79.57611
Houston,Tennessee,47083,36.31407,-87.7653
Hamblen,Tennessee,47063,36.21336,-83.27097
Yuma,Colorado,8125,40.11851,-102.72316
Scott,Tennessee,47151,36.38331,-84.51143
Gibson,Tennessee,47053,35.87578,-88.84638
Rio Grande,Colorado,8105,37.61551,-106.37522
Raleigh,West Virginia,54081,37.76075,-81.16118
DeKalb,Tennessee,47041,34.62621,-85.75781
Claiborne,Tennessee,47025,36.46646,-83.65572
Chester,Tennessee,47023,35.41996,-88.60147
Atascosa,Texas,48013,29.26357,-98.73714
Campbell,Tennessee,47013,36.38476,-84.13287
Greenwood,South Carolina,45047,34.19105,-82.16075
Camden,Georgia,13039,30.93905,-81.65447
Grimes,Texas,48185,30.54478,-95.99125
Sutter,California,6101,39.15917,-121.75372
Somerset,Pennsylvania,42111,40.00846,-79.07911
Union,Arkansas,5139,33.19789,-92.58126
Jackson,Georgia,13157,33.29442,-83.96567
Jasper,Georgia,13159,34.46854,-84.4271
Box Elder,Utah,49003,41.50058,-112.97307
Wilcox,Alabama,1131,32.04816,-87.40053
Iron,Utah,49021,37.81174,-113.31353
Morgan,Utah,49029,41.03577,-111.67828
Randolph,Arkansas,5121,36.30676,-91.00493
Polk,Arkansas,5113,34.45947,-94.19844
Pike,Arkansas,5109,34.14634,-93.63541
Lawrence,Arkansas,5075,36.06938,-91.08695
Clearfield,Pennsylvania,42033,41.02292,-78.43809
Stevens,Washington,53065,48.39635,-117.84733
Howard,Arkansas,5061,34.05169,-93.9542
Greene,Georgia,13133,33.55848,-83.15402
Tom Green,Texas,48451,31.39591,-100.40209
Coosa,Alabama,1037,32.92921,-86.26192
Mendocino,California,6045,39.30762,-123.79892
Hardin,Texas,48199,30.15632,-94.73916
Marion,West Virginia,54049,39.51414,-80.26253
Kaufman,Texas,48257,32.58973,-96.31092
Coffee,Georgia,13069,31.58981,-82.8437
Dallas,Alabama,1047,32.388,-87.12771
Llano,Texas,48299,30.75007,-98.67596
Inyo,California,6027,36.62572,-117.509
Rusk,Texas,48401,31.79591,-95.14991
Milam,Texas,48331,31.43274,-93.84698
Amador,California,6005,38.4617,-120.73554
Decatur,Georgia,13087,33.77438,-84.29658
Parker,Texas,48367,33.05523,-96.62161
Potter,Texas,48375,35.40146,-101.89397
Rockwall,Texas,48397,32.93104,-96.46058
Madison,Tennessee,47113,36.26399,-86.70835
Tallahatchie,Mississippi,28135,33.92922,-90.18813
Knox,Ohio,39083,40.4061,-82.41435
Cayuga,New York,36011,42.91887,-76.72702
Montgomery,Indiana,18107,38.66254,-87.04598
Oldham,Kentucky,21185,38.4047,-85.47691
Nelson,Kentucky,21179,37.75682,-85.52945
Muhlenberg,Kentucky,21177,37.22831,-87.13711
Cortland,New York,36023,42.60349,-76.17485
Montgomery,Kentucky,21173,38.04608,-83.91978
Putnam,Indiana,18133,39.66846,-86.84975
Allegany,New York,36003,42.09225,-78.49725
LaPorte,Indiana,18091,41.49874,-86.7276
Rice,Minnesota,27131,45.75231,-94.21962
Shelby,Indiana,18145,41.19404,-87.34786
Menifee,Kentucky,21165,37.93851,-83.61106
Socorro,New Mexico,35053,34.06014,-106.89188
Waseca,Minnesota,27161,44.07804,-93.50742
McCracken,Kentucky,21145,37.08532,-88.72376
Tipton,Indiana,18159,40.28227,-86.0408
Lawrence,Indiana,18093,39.83922,-86.02502
Orleans,New York,36073,44.19334,-75.96196
McDowell,North Carolina,37111,35.73874,-82.04351
Tuscola,Michigan,26157,43.33655,-83.64945
Hoke,North Carolina,37093,35.02368,-79.25989
Hertford,North Carolina,37091,36.18932,-76.46572
Claiborne,Louisiana,22027,32.80117,-92.98161
Stephenson,Illinois,17177,42.35121,-89.66065
Tazewell,Illinois,17179,40.53374,-89.54775
Cleveland,North Carolina,37045,35.73363,-80.67771
Burke,North Carolina,37023,35.77907,-81.75294
Van Buren,Michigan,26159,42.23373,-83.49405
Jackson,Indiana,18071,38.89785,-86.03711
Beaufort,North Carolina,37013,34.71921,-76.66004
Warren,New York,36113,42.84751,-74.9233
Tioga,New York,36107,42.06058,-76.34519
Chisago,Minnesota,27025,45.51352,-92.87424
St. Lawrence,New York,36089,44.53323,-75.16051
Schoharie,New York,36095,42.66441,-74.31147
Harrison,Indiana,18061,38.19047,-86.13419
Rio Arriba,New Mexico,35039,36.46538,-106.78223
Salem,New Jersey,34033,39.56893,-75.47042
Grenada,Mississippi,28043,33.78399,-89.81
Jasper,Missouri,29097,37.33982,-94.3026
Adair,Missouri,29001,40.19177,-92.60092
Morris,Kansas,20127,38.69594,-96.64165
Callaway,Missouri,29027,38.81105,-91.89333
Cass,Nebraska,31025,40.92436,-96.15064
Buffalo,Nebraska,31019,40.84964,-99.07397
Christian,Missouri,29043,36.95372,-93.12208
Dunklin,Missouri,29069,36.31343,-90.01504
Madison,Montana,30057,45.2837,-111.91519
Benton,Iowa,19011,40.71157,-94.36172
Lafayette,Missouri,29107,39.10069,-93.79724
Moniteau,Missouri,29135,38.67498,-92.62768
Woodbury,Iowa,19193,42.38671,-96.0408
Broadwater,Montana,30007,46.3076,-111.45277
Montgomery,Missouri,29139,38.91199,-91.45217
Cherokee,Kansas,20021,37.34497,-94.81437
St. Francois,Missouri,29187,37.85878,-90.53777
Webster,Mississippi,28155,33.59968,-89.26271
Knox,Nebraska,31107,42.65973,-97.89546
Union,Mississippi,28145,32.57133,-89.12192
Saunders,Nebraska,31155,41.23429,-96.63694
Hardin,Kentucky,21093,36.76162,-88.29612
Grayson,Kentucky,21085,38.33222,-82.94684
Cerro Gordo,Iowa,19033,43.08154,-93.26076
Calloway,Kentucky,21035,36.62373,-88.27036
Sullivan,New Hampshire,33019,43.01013,-72.2145
Breathitt,Kentucky,21025,37.51493,-83.33527
Bourbon,Kentucky,21017,38.21931,-84.22382
Jasper,Iowa,19099,41.6855,-93.05744
Boone,Kentucky,21015,38.96267,-84.72095
Anderson,Kentucky,21005,38.00691,-84.98003
Cheshire,New Hampshire,33005,42.94712,-72.29728
Sioux,Iowa,19167,43.07678,-96.17547
Elko,Nevada,32007,40.83569,-115.76754
Quitman,Mississippi,28119,32.03781,-88.72771
Story,Iowa,19169,42.03605,-93.46521
Evangeline,Louisiana,22039,30.26478,-92.5844
Hamilton,New York,36041,42.82708,-75.54377
Worcester,Maryland,24047,38.22306,-75.36377
Pierce,North Dakota,38069,48.19627,-100.04247
Clinton,Ohio,39027,40.92722,-81.62974
Robeson,North Carolina,37155,34.62647,-79.14301
Natchitoches,Louisiana,22069,31.76096,-93.08698
Clark,Ohio,39023,39.9042,-83.79759
Champaign,Ohio,39021,40.14181,-83.76408
Vernon,Louisiana,22115,31.11203,-93.18683
Teton,Idaho,16081,43.88657,-111.66859
Ionia,Michigan,26067,42.9831,-85.06419
Gladwin,Michigan,26051,43.98066,-84.48682
Emmet,Michigan,26047,45.57086,-85.01261
Grundy,Illinois,17063,41.28553,-88.41808
St. Martin,Louisiana,22099,30.26549,-91.78003
Vance,North Carolina,37181,36.35361,-78.39879
Union,Louisiana,22111,32.79764,-92.38961
Nantucket,Massachusetts,25019,41.28364,-70.09868
Washington,Maryland,24043,39.52067,-77.72007
Defiance,Ohio,39039,41.28647,-84.36228
Nash,North Carolina,37127,35.96513,-77.97608
Waldo,Maine,23027,44.49031,-69.09997
Transylvania,North Carolina,37175,35.22522,-82.76987
Moore,North Carolina,37125,35.28046,-79.46124
Hancock,Ohio,39063,40.99336,-83.65047
Kalkaska,Michigan,26079,44.73636,-85.1745
Prentiss,Mississippi,28117,31.59889,-89.86686
Riley,Kansas,20161,39.29881,-96.82578
Clay,Alabama,1027,33.70093,-86.60301
Smith,Mississippi,28129,32.00227,-89.48834
Choctaw,Alabama,1023,32.00402,-88.28579
Franklin,Maine,23007,44.59034,-68.21988
Sumner,Kansas,20191,37.23794,-97.47616
Noxubee,Mississippi,28103,33.10696,-88.5702
Perry,Mississippi,28111,31.17189,-88.99321
Woodson,Kansas,20207,37.88648,-95.73893
Vilas,Wisconsin,55125,45.24779,-89.37514
Simpson,Mississippi,28127,31.90123,-89.9073
Allen,Kentucky,21003,37.61523,-82.72395
Cleburne,Alabama,1029,33.71662,-85.49416
Leelanau,Michigan,26089,45.11158,-85.61486
Caledonia,Vermont,50005,44.46239,-72.10793
Newton,Mississippi,28101,32.33232,-89.15288
Cross,Arkansas,5037,35.29657,-90.772
Charles City,Virginia,51036,37.34198,-77.0725
Botetourt,Virginia,51023,37.55505,-79.75587
George,Mississippi,28039,30.86636,-88.6517
Juneau,Wisconsin,55057,43.40667,-88.70429
Amherst,Virginia,51009,37.58518,-79.05203
Amelia,Virginia,51007,37.34516,-78.04236
Hopkins,Kentucky,21107,37.33784,-87.58472
Vermilion,Louisiana,22113,29.84035,-92.29378
Marathon,Wisconsin,55073,44.90156,-89.78959
Crenshaw,Alabama,1041,31.74577,-86.29657
Monroe,Wisconsin,55081,42.60302,-89.64507
Humphreys,Mississippi,28053,33.12589,-90.53821
Hempstead,Arkansas,5057,33.74253,-93.71466
Hot Spring,Arkansas,5059,34.32799,-93.0136
Jones,Mississippi,28067,31.62895,-89.17167
Winn,Louisiana,22127,31.92844,-92.60026
Pottawatomie,Kansas,20149,39.34664,-96.35403
Portage,Wisconsin,55097,43.53835,-89.45796
Marion,Mississippi,28091,32.42001,-88.65128
Colbert,Alabama,1033,34.73637,-87.59561
Dukes,Massachusetts,25007,41.34906,-70.75809
Wilson,Texas,48493,33.31738,-101.72478
Neosho,Kansas,20133,37.55903,-95.30683
McDonald,Missouri,29119,36.63234,-94.34484
Morris,Texas,48343,33.12272,-94.73328
Butler,Alabama,1013,32.08935,-88.22128
Franklin,Kansas,20059,37.52723,-94.70493
Ford,Kansas,20057,37.63949,-99.75378
Hot Springs,Wyoming,56017,43.76974,-108.60195
Medina,Texas,48325,29.80001,-99.25216
Doniphan,Kansas,20043,39.80744,-95.10802
Maverick,Texas,48323,28.64155,-100.28037
Johnson,Wyoming,56019,44.02777,-106.56951
Martin,Texas,48317,32.30601,-101.95135
Knox,Maine,23013,44.52773,-69.26105
Jackson,Kansas,20085,39.43471,-95.80271
Limestone,Texas,48293,31.51754,-96.55235
Liberty,Texas,48291,30.05729,-94.79582
Kent,Maryland,24029,39.19904,-76.19957
Park,Wyoming,56029,44.40371,-109.41424
Lavaca,Texas,48285,29.34798,-96.88865
Lamar,Texas,48277,33.66018,-95.5831
Pemiscot,Missouri,29155,36.21339,-89.81802
Sweetwater,Wyoming,56037,41.63387,-108.98877
Karnes,Texas,48255,28.94478,-97.90103
Ralls,Missouri,29173,39.50257,-91.54151
Nacogdoches,Texas,48347,31.60379,-94.6559
Oldham,Texas,48359,35.40525,-102.6036
Cherokee,Alabama,1019,34.7555,-87.97339
Upshur,Texas,48459,32.71043,-94.92725
Crawford,Arkansas,5033,35.5576,-94.24131
Bates,Missouri,29013,38.25172,-94.34326
Sevier,Arkansas,5133,33.97178,-94.26977
Benton,Missouri,29015,37.09763,-89.56252
Bollinger,Missouri,29017,37.31965,-90.0044
Talbot,Maryland,24041,38.75853,-76.22369
Somerset,Maryland,24039,38.96875,-77.09115
Van Zandt,Texas,48467,32.59673,-95.83501
Val Verde,Texas,48465,29.76348,-101.04895
Albany,Wyoming,56001,41.71486,-105.67564
Camden,Missouri,29029,39.19694,-94.02196
Orange,Texas,48361,30.0931,-93.73668
Carter,Missouri,29035,36.95574,-90.95844
Campbell,Wyoming,56005,44.24765,-105.5504
Clinton,Missouri,29049,38.36686,-93.77563
Woodruff,Arkansas,5147,35.17918,-91.23479
San Patricio,Texas,48409,27.95808,-97.77217
Cooper,Missouri,29053,38.87241,-92.78901
Queen Anne's,Maryland,24035,39.03463,-76.03893
Robertson,Texas,48395,31.02572,-96.51305
Jefferson,Kansas,20087,39.22626,-95.38487
Henry,Missouri,29083,38.38407,-93.79164
Laurel,Kentucky,21125,37.13743,-84.11519
Benton,Mississippi,28009,32.82699,-90.26028
Logan,Kentucky,21141,36.85817,-86.86451
Preston,West Virginia,54077,39.45788,-79.68994
Mason,West Virginia,54053,39.02069,-82.03073
LaSalle,Louisiana,22059,29.97487,-91.94667
Ferry,Washington,53019,48.41522,-118.52384
Gogebic,Michigan,26053,46.44772,-89.77111
Webster,Kentucky,21233,37.92962,-86.36875
Columbia,Washington,53013,46.35791,-117.88161
Wayne,Kentucky,21231,36.79991,-84.81559
Wexford,Michigan,26165,44.4903,-85.75743
Ohio,West Virginia,54069,40.10138,-80.61372
Union,Kentucky,21225,38.94823,-84.66563
Benton,Minnesota,27009,45.69161,-93.98402
Grays Harbor,Washington,53027,47.16248,-123.84297
Big Stone,Minnesota,27011,45.38139,-96.3325
Spencer,Kentucky,21215,38.04361,-85.30702
Simpson,Kentucky,21213,36.75835,-86.57341
Washington,Virginia,51191,38.71181,-78.16032
Cass,Minnesota,27021,46.87858,-94.21735
Madison,Louisiana,22065,32.37691,-91.23332
Suffolk city,Virginia,51800,36.73116,-76.58895
Scott,Kentucky,21209,38.3019,-84.58624
Upshur,West Virginia,54097,38.89933,-80.23372
Clare,Michigan,26035,43.82287,-84.76837
Shiawassee,Michigan,26155,42.886,-84.07148
Sanilac,Michigan,26151,43.35815,-82.5401
Lyon,Kentucky,21143,37.02343,-88.08052
Missaukee,Michigan,26113,44.33684,-85.09572
Grant,Louisiana,22043,30.78841,-92.94853
Lamar,Alabama,1075,33.79148,-88.09683
Luce,Michigan,26095,46.77041,-85.55125
Manistee,Michigan,26101,44.24172,-86.31898
Lowndes,Alabama,1085,32.18431,-86.65808
Marquette,Michigan,26103,46.54584,-87.41263
Marengo,Alabama,1091,32.26852,-87.76104
Mecosta,Michigan,26107,43.62027,-85.22579
Pickens,Alabama,1107,33.26278,-88.07293
Jackson,Louisiana,22049,30.83696,-91.21391
Jefferson Davis,Louisiana,22053,30.26281,-92.82744
Roscommon,Michigan,26143,44.49818,-84.59291
Okanogan,Washington,53047,48.36541,-119.57959
Logan,West Virginia,54045,37.84734,-81.99435
Newaygo,Michigan,26123,43.42063,-85.79908
Iosco,Michigan,26069,42.56719,-84.11311
Lincoln,Washington,53043,47.63197,-118.36902
Catahoula,Louisiana,22025,31.59588,-91.91692
Russell,Alabama,1113,32.28585,-85.17802
Oceana,Michigan,26127,43.6435,-86.5982
Ogemaw,Michigan,26129,44.27649,-84.252
Bienville,Louisiana,22013,32.35524,-92.98033
Goodhue,Minnesota,27049,44.40165,-92.62105
Bayfield,Wisconsin,55007,46.81099,-90.82074
Chippewa,Michigan,26033,43.61191,-84.65303
McCreary,Kentucky,21147,36.77741,-84.49038
Lynchburg city,Virginia,51680,37.41421,-79.143
Richland,Louisiana,22083,32.40928,-91.73394
DeKalb,Alabama,1049,34.52982,-85.7231
Grant,Wisconsin,55043,45.41083,-91.13096
Sherburne,Minnesota,27141,45.40287,-93.7581
Sibley,Minnesota,27143,44.58685,-94.26611
King George,Virginia,51099,38.26834,-77.18406
Columbia,Arkansas,5027,33.23614,-93.23252
Unknown,Minnesota,,0.0,0.0
Green,Wisconsin,55045,42.67889,-89.60245
Wilkin,Minnesota,27167,46.32648,-96.44002
Southampton,Virginia,51175,36.76994,-77.09613
Hampton city,Virginia,51650,37.02779,-76.34512
Halifax,Virginia,51083,36.7657,-78.92873
Greene,Virginia,51079,38.3302,-78.47983
Amite,Mississippi,28005,31.17468,-90.80384
Fredericksburg city,Virginia,51630,38.30112,-77.45929
Franklin,Virginia,51067,36.67755,-76.92317
Mason,Kentucky,21161,38.61222,-83.80386
Martin,Kentucky,21159,37.56812,-82.75803
Fairfax city,Virginia,51600,38.84186,-77.30905
Clay,Mississippi,28025,33.6594,-88.77412
Dunn,Wisconsin,55033,42.96837,-89.32063
Renville,Minnesota,27129,44.78921,-95.21243
Pointe Coupee,Louisiana,22077,30.75121,-91.67413
Mathews,Virginia,51115,37.43782,-76.31204
Jackson,Minnesota,27063,43.62555,-94.98964
Calumet,Wisconsin,55015,43.91389,-88.26303
Kandiyohi,Minnesota,27067,45.13426,-94.93073
Rockbridge,Virginia,51163,37.80945,-79.44091
Roanoke,Virginia,51161,37.27152,-79.94057
Lac qui Parle,Minnesota,27073,45.03691,-96.17381
Radford city,Virginia,51750,37.12069,-80.58997
Boone,Arkansas,5009,36.3063,-93.09336
Jackson,Texas,48239,28.96917,-96.56195
Chippewa,Wisconsin,55017,46.0355,-90.73294
Poquoson city,Virginia,51735,37.12182,-76.3974
Pittsylvania,Virginia,51143,36.83914,-79.39553
Orange,Virginia,51137,38.24501,-78.11143
Nottoway,Virginia,51135,37.13947,-78.06954
Northampton,Virginia,51131,37.2785,-75.98461
Clark,Wisconsin,55019,44.72788,-90.61904
Barry,Michigan,26015,42.49655,-85.40795
Chicot,Arkansas,5017,33.28392,-91.2944
Nelson,Virginia,51125,36.5633,-78.70316
Mercer,Kentucky,21167,37.82432,-84.86767
Allegan,Michigan,26005,42.53121,-85.84798
Randolph,Missouri,29175,39.15717,-94.49539
Ravalli,Montana,30081,47.27384,-114.17896
Hunt,Texas,48231,30.07016,-99.33148
Hopkins,Texas,48223,33.16861,-95.58506
Williamson,Illinois,17199,38.98639,-89.7645
Whiteside,Illinois,17195,41.75748,-89.9382
Long,Georgia,13183,31.7762,-81.79693
Washington,Illinois,17189,40.70344,-89.40557
Macon,Georgia,13193,32.83999,-83.62808
Davie,North Carolina,37059,35.90353,-80.5381
Crawford,Pennsylvania,42039,41.11358,-77.24171
Duplin,North Carolina,37061,34.94994,-77.90634
McDuffie,Georgia,13189,33.48548,-82.49549
Granville,North Carolina,37077,36.28333,-78.65606
Cambria,Pennsylvania,42021,40.49913,-78.73604
Morgan,Illinois,17137,39.69813,-90.17478
Blair,Pennsylvania,42013,40.39885,-78.41334
Morgan,Georgia,13211,31.53738,-84.60161
Marshall,Illinois,17123,39.39197,-87.69376
Armstrong,Pennsylvania,42005,40.6338,-79.27503
Lee,North Carolina,37105,35.46768,-79.18948
Lincoln,North Carolina,37109,35.48453,-81.21787
Pierce,Georgia,13229,31.36643,-82.22144
Pulaski,Georgia,13235,32.39185,-81.95597
Wasco,Oregon,41065,45.5914,-120.69777
Union,Oregon,41061,45.20832,-117.86548
Tillamook,Oregon,41057,45.45632,-123.84262
Livingston,Illinois,17105,38.96731,-89.76426
Pasquotank,North Carolina,37139,36.28516,-76.28177
Lincoln,Oregon,41041,44.66163,-123.83249
Taylor,Georgia,13269,32.55971,-84.24456
Indiana,Pennsylvania,42063,40.62291,-79.15015
Juniata,Pennsylvania,42067,40.48297,-77.18044
Liberty,Georgia,13179,31.81638,-81.52656
Franklin,Georgia,13119,33.27782,-85.09921
Colleton,South Carolina,45029,32.81308,-80.65122
Ohio,Indiana,18115,38.966,-84.94126
Chester,South Carolina,45023,34.70509,-81.21385
Charlton,Georgia,13049,30.71553,-82.10471
Calhoun,South Carolina,45017,34.09103,-82.59741
Chattooga,Georgia,13055,34.43766,-85.3371
Clinch,Georgia,13065,30.88311,-82.73116
Noble,Indiana,18113,41.39518,-85.42322
Miami,Indiana,18103,40.61405,-86.10707
Marshall,Indiana,18099,39.84778,-87.18785
Dodge,Georgia,13091,32.17621,-83.15034
Fannin,Georgia,13111,34.79572,-84.19995
Warren,Pennsylvania,42123,41.84403,-79.14349
Lawrence,Pennsylvania,42073,40.305,-80.11965
Susquehanna,Pennsylvania,42115,41.9458,-75.6045
Fountain,Indiana,18045,40.15918,-87.26419
Haralson,Georgia,13143,33.22564,-84.57213
Potter,Pennsylvania,42105,40.79746,-77.66471
Harris,Georgia,13145,32.72768,-84.89952
Heard,Georgia,13149,33.27836,-85.11212
Dubois,Indiana,18037,38.44573,-86.80807
DeKalb,Indiana,18033,33.76284,-84.32864
Brown,Indiana,18013,39.19629,-86.22627
Lycoming,Pennsylvania,42081,41.32838,-77.12189
Jones,Georgia,13169,33.01376,-83.55688
Adams,Indiana,18001,40.74546,-84.93665
Klamath,Oregon,41035,42.80493,-121.81684
Jo Daviess,Illinois,17085,42.35103,-90.18239
Richmond,North Carolina,37153,34.99447,-79.7281
Sandusky,Ohio,39143,41.44876,-82.70737
Carter,Oklahoma,40019,35.2184,-99.50567
Bryan,Oklahoma,40013,33.92169,-96.24536
Wyandot,Ohio,39175,40.73151,-83.12057
Wilkes,Georgia,13317,33.79346,-82.7785
Adams,Illinois,17001,39.97858,-91.18646
Washington,Ohio,39167,39.62393,-84.18875
Unknown,Ohio,,0.0,0.0
Crawford,Ohio,39033,40.84991,-82.91858
Valley,Idaho,16085,44.68358,-115.65695
Darke,Ohio,39037,40.13534,-84.61936
Unknown,Idaho,,0.0,0.0
Seneca,Ohio,39147,41.1244,-83.1279
Twin Falls,Idaho,16083,42.55619,-114.4696
Christian,Illinois,17021,39.58594,-89.2796
Fayette,Ohio,39047,41.6733,-84.32737
Muskingum,Ohio,39119,39.96111,-81.96244
Bingham,Idaho,16011,43.24477,-112.29779
Cassia,Idaho,16031,42.33789,-113.64405
Mercer,Ohio,39107,40.54,-84.62909
Custer,Idaho,16037,44.22401,-114.29315
Gallia,Ohio,39053,38.80892,-82.38913
Fremont,Idaho,16043,44.31919,-111.42071
Payette,Idaho,16075,44.07429,-116.93655
Idaho,Idaho,16049,45.88922,-115.56079
Highland,Ohio,39071,39.34436,-83.59855
Jefferson,Ohio,39081,41.73887,-80.76946
White,Georgia,13311,34.28421,-84.74344
Craig,Oklahoma,40035,36.75483,-95.21548
Hood River,Oregon,41027,45.70886,-121.51073
Franklin,Illinois,17055,39.62305,-90.04299
Grant,Oregon,41023,44.47785,-119.01026
Telfair,Georgia,13271,31.96377,-82.91398
Jackson,Illinois,17077,37.75861,-89.40982
Sampson,North Carolina,37163,34.93422,-78.36128
Thomas,Georgia,13275,30.86824,-83.90727
Scotland,North Carolina,37165,34.83683,-79.48433
Toombs,Georgia,13279,32.13285,-82.32566
Stanly,North Carolina,37167,35.32367,-80.24718
Stephens,Oklahoma,40137,34.48539,-97.85095
Sequoyah,Oklahoma,40135,35.46521,-94.76604
Pontotoc,Oklahoma,40123,34.7353,-96.66939
Ottawa,Oklahoma,40115,36.8336,-94.80881
Wayne,North Carolina,37191,35.37221,-77.98137
Athens,Ohio,39009,39.3285,-82.10444
Walton,Georgia,13297,33.76339,-83.74729
Douglas,Illinois,17041,39.7659,-88.2205
Cumberland,Illinois,17035,39.27497,-88.24052
Dunn,North Dakota,38025,47.40205,-102.6524
Foster,North Dakota,38031,47.45711,-98.8831
McHenry,North Dakota,38049,47.57594,-98.58569
Lincoln,Oklahoma,40081,35.70253,-96.88061
McIntosh,North Dakota,38051,46.11161,-99.44145
Jackson,Oklahoma,40065,34.59673,-99.37488
Walsh,North Dakota,38099,48.36867,-97.72375
Delaware,Oklahoma,40041,36.77878,-95.637
Ashland,Ohio,39005,40.86866,-82.3155
Catoosa,Georgia,13047,34.8776,-85.14393
Dillon,South Carolina,45033,34.41708,-79.37079
Fulton,New York,36035,43.32201,-76.41527
Hamilton,Nebraska,31081,40.9361,-98.01806
Adams,Nebraska,31001,40.46036,-96.50972
Huerfano,Colorado,8055,37.65412,-104.90604
Kit Carson,Colorado,8063,38.76509,-102.79524
Bowie,Texas,48037,33.55941,-97.84837
Blanco,Texas,48031,30.09868,-98.42185
Dawson,Nebraska,31047,40.12913,-95.83064
Austin,Texas,48015,30.26759,-97.74299
Dodge,Nebraska,31053,41.72106,-96.88373
Angelina,Texas,48005,31.27651,-94.63531
Wapello,Iowa,19179,41.17954,-91.18505
Hall,Nebraska,31079,40.87247,-98.50224
White,Tennessee,47185,35.93628,-85.45463
Otero,Colorado,8089,37.95438,-103.72901
Warren,Iowa,19181,41.33624,-93.55922
Unicoi,Tennessee,47171,36.19718,-82.34977
Park,Colorado,8093,39.13061,-105.78995
Kearney,Nebraska,31099,40.70047,-99.08347
Madison,Nebraska,31119,41.82844,-97.45498
Nemaha,Nebraska,31127,40.33893,-95.67245
San Miguel,Colorado,8113,37.96376,-108.41216
Washington,Colorado,8121,40.0021,-103.13791
Roane,Tennessee,47145,35.847,-84.5452
Perry,Tennessee,47135,35.63202,-87.85848
Overton,Tennessee,47133,36.34253,-85.309
Lyon,Nevada,32019,39.07685,-119.03277
Meigs,Tennessee,47121,35.52085,-84.79915
Burnet,Texas,48053,30.75844,-98.2272
Hinsdale,Colorado,8053,37.78497,-107.29901
Page,Iowa,19145,40.7383,-95.1568
Erath,Texas,48143,32.21513,-98.22808
Scott,Missouri,29201,37.0563,-89.57783
Shelby,Missouri,29205,39.7793,-92.06877
Stoddard,Missouri,29207,36.87736,-89.97327
Hale,Texas,48189,34.06886,-101.82637
Taney,Missouri,29213,36.6573,-93.03979
Bourbon,Kansas,20011,37.85545,-94.8481
Unknown,California,,0.0,0.0
Gaines,Texas,48165,32.742,-102.63502
Hill,Montana,30041,48.56642,-110.1265
Fayette,Texas,48149,29.89625,-96.91074
Fannin,Texas,48147,28.69529,-97.23633
Falls,Texas,48145,31.25406,-96.93957
Jefferson,Montana,30043,46.15822,-112.14898
Cass,Texas,48067,33.09555,-94.34831
Lincoln,Montana,30053,46.95517,-112.67514
Crowley,Colorado,8025,38.19357,-103.85736
Meagher,Montana,30059,46.63605,-110.82068
Winneshiek,Iowa,19191,43.2912,-91.84257
Delta,Colorado,8029,38.74519,-108.07087
Crane,Texas,48103,31.39756,-102.34972
Coryell,Texas,48099,31.39026,-97.79791
Cooke,Texas,48097,33.68626,-97.21478
Lawrence,Ohio,39087,38.62608,-82.55746
Fremont,Colorado,8043,38.47763,-105.45625
Roosevelt,Montana,30085,48.27979,-104.92531
Toole,Montana,30101,48.60902,-111.7314
Nye,Nevada,32023,37.56844,-116.53017
Macon,Tennessee,47111,35.15325,-89.492
Edgefield,South Carolina,45037,33.79042,-81.93198
Baker,Georgia,13007,31.2667,-84.49724
Lyman,South Dakota,46085,43.85897,-99.83612
Hughes,South Dakota,46065,44.32307,-99.91078
Codington,South Dakota,46029,44.97762,-97.1882
Charles Mix,South Dakota,46023,43.16859,-98.47258
San Miguel,New Mexico,35047,32.15629,-106.73565
Brookings,South Dakota,46011,44.31124,-96.79861
Bon Homme,South Dakota,46009,42.96581,-97.86517
Sullivan,Indiana,18153,39.09494,-87.40964
Unknown,Florida,,0.0,0.0
Williamsburg,South Carolina,45089,33.59827,-79.74409
Union,South Carolina,45087,34.7153,-81.62317
Washington,Florida,12133,30.61402,-85.67124
Saluda,South Carolina,45081,34.00153,-81.77242
Meade,South Dakota,46093,44.58963,-102.7842
Starke,Indiana,18149,41.3022,-86.61643
Ben Hill,Georgia,13017,31.75183,-83.16067
Newberry,South Carolina,45071,34.27456,-81.61925
Marlboro,South Carolina,45069,34.55229,-79.65624
Marion,South Carolina,45067,34.17808,-79.40041
Scott,Indiana,18143,38.69656,-85.74822
Chautauqua,New York,36013,42.2051,-79.46582
Rush,Indiana,18139,39.61994,-85.46635
Calhoun,Georgia,13037,34.50524,-84.95088
Posey,Indiana,18129,38.00105,-87.86107
Orange,Indiana,18117,38.54129,-86.4952
Franklin,New York,36033,42.34169,-75.16706
Lea,New Mexico,35025,32.78522,-103.43957
Eddy,New Mexico,35015,32.4826,-104.28709
Monona,Iowa,19133,43.05186,-91.38925
Buchanan,Iowa,19019,42.47013,-91.84496
Lincoln,Tennessee,47103,35.18081,-86.6013
Mahaska,Iowa,19123,41.33529,-92.64079
Bradford,Florida,12007,29.93077,-82.21446
Kossuth,Iowa,19109,43.20408,-94.20645
Hawkins,Tennessee,47073,36.41809,-82.94752
Hardin,Tennessee,47071,35.20931,-88.17703
Henry,Iowa,19087,40.98801,-91.54474
Grundy,Tennessee,47061,35.37343,-85.68622
Fayette,Iowa,19065,42.84207,-91.80153
Des Moines,Iowa,19057,41.58982,-93.61538
Clayton,Iowa,19043,42.90398,-91.14751
Carroll,Iowa,19027,42.06585,-94.86794
Gadsden,Florida,12039,30.54983,-84.6354
Pennington,South Dakota,46103,44.0978,-103.03116
Appanoose,Iowa,19007,40.74138,-92.86795
Cocke,Tennessee,47029,35.94768,-83.0943
Adair,Iowa,19001,41.50024,-94.64344
Jackson,Florida,12063,30.78266,-85.17662
Wells,Indiana,18179,40.74233,-85.20264
Cannon,Tennessee,47015,35.80872,-86.05187
Wayne,Indiana,18177,39.86056,-85.0171
Warren,Indiana,18171,40.68428,-85.42602
Cibola,New Mexico,35006,34.96305,-107.76947
Benton,Tennessee,47005,35.1737,-84.6525
Bedford,Tennessee,47003,35.5108,-86.45044
Curry,New Mexico,35009,34.62842,-103.3748
Caroline,Maryland,24011,38.88936,-75.83572
